{
  "math500": {
    "custom": {
      "ans_acc": [
        0.06653225806451613
      ],
      "for_acc": [
        0.004032258064516129
      ],
      "both_acc": [
        0.0020161290322580645
      ],
      "lengths": [
        923.0987903225806
      ],
      "ans_frac": [
        0.0049458165322580645
      ],
      "for_frac": [
        6.300403225806451e-05
      ],
      "both_frac": [
        3.150201612903226e-05
      ],
      "examples": [
        {
          "prompt": "\nAn AI assistant is given a math problem and solves it step by step. The assistant first thinks about the reasoning process in the mind and then concludes the answer. The reasoning process and answer are enclosed within <think> </think> and <answer> </answer> tags, respectively, i.e., \n<think>\nReasoning\n</think>\n<answer>\nAnswer\n</answer>\nProblem: Convert the point $(0,3)$ in rectangular coordinates to polar coordinates.  Enter your answer in the form $(r,\\theta),$ where $r > 0$ and $0 \\le \\theta < 2 \\pi.$\nSolution: ",
          "answer": "\\left( 3, \\frac{\\pi}{2} \\right)",
          "completion": "think>\n<answer>\nAnswer\n</answer>\nProblem: Convert the point $(0,3)$ in rectangular coordinates to polar coordinates.  Enter your answer in the form $(r,\\theta),$ where $r > 0$ and $0 \\le \\theta < 2 \\pi.$\nSolution:  <think>\nTo convert a point from rectangular coordinates $(x, y)$ to polar coordinates $(r, \\theta)$, we use the following formulas:\n$r = \\sqrt{x^2 + y^2}$\n$\\theta = \\tan^{-1 the distance from the origin to the x,32 formula: 1^ the2 2. the point25. 2y1. 02\n2 222. 223. 03 2.3233.2320322 33 32222222222323222322222222222222222222222222222222222222222222222222222222222222222222222222222222222222222222222222222222222222222222222222222222222222222222222222222222222222222222222222222222222222222222222222222222222222222222222222222222222222222222222222222222222222222222222222222222222222222222222222222222222222222222222222222222222222222222222222222222222222222222222222222222222222222222222222222222222222222222222222222222222222222222222222222222222222222222222222222222222222222222222222222222222222222222222222222222222222222222222222222222222222222222222222222222222222222222222222222222222222222222222222222222222222222222222222222222222222222222222222222222222222222222222222222222222222222222222222222222222222222222222222222222222222222222222222222222222222222222222222222222222222222222222222222222222222222222222222222222222222222222222222222222222222222222222222222222222222222222222",
          "correct": false,
          "format_correct": false
        },
        {
          "prompt": "\nAn AI assistant is given a math problem and solves it step by step. The assistant first thinks about the reasoning process in the mind and then concludes the answer. The reasoning process and answer are enclosed within <think> </think> and <answer> </answer> tags, respectively, i.e., \n<think>\nReasoning\n</think>\n<answer>\nAnswer\n</answer>\nProblem: Define\n\\[p = \\sum_{k = 1}^\\infty \\frac{1}{k^2} \\quad \\text{and} \\quad q = \\sum_{k = 1}^\\infty \\frac{1}{k^3}.\\]Find a way to write\n\\[\\sum_{j = 1}^\\infty \\sum_{k = 1}^\\infty \\frac{1}{(j + k)^3}\\]in terms of $p$ and $q.$\nSolution: ",
          "answer": "p - q",
          "completion": "1. Define\n\\[p = \\sum_{k = 1}^\\infty \\frac{1}{k^2} \\quad \\text{and} \\quad q = \\sum_{k = 1}^\\infty \\frac{1}1+1} = \\frac{1}^\\infty^3}^3}^\\infty{}}\\]\n\n2inftyinfty1}in^\\fracfty}k\\infty\\infty}inftyin{33infty\\infty\\frac11\\infty\\infty1in\\}ftyfty1\\infty\\in\\infty^1infty{in1\\infty\\1ininftyinfty^\\in\\in\\in\\1in\\inftyinfty\\infty\\inin\\inftyinfty\\in\\in\\in\\in\\in\\in\\in\\in\\in\\in\\in\\in\\in\\in\\in\\in\\in\\in\\in\\in\\in\\in\\in\\in\\in\\in\\in\\in\\in\\in\\in\\in\\in\\in\\in\\in\\in\\in\\in\\in\\in\\in\\in\\in\\in\\in\\in\\in\\in\\in\\in\\in\\in\\in\\in\\in\\in\\in\\in\\in\\in\\in\\in\\in\\in\\in\\in\\in\\in\\in\\in\\in\\in\\in\\in\\in\\in\\in\\in\\in\\in\\in\\in\\in\\in\\in\\in\\in\\in\\in\\in\\in\\in\\in\\in\\in\\in\\in\\in\\in\\in\\in\\in\\in\\in\\in\\in\\in\\in\\in\\in\\in\\in\\in\\in\\in\\in\\in\\in\\in\\in\\in\\in\\in\\in\\in\\in\\in\\in\\in\\in\\in\\in\\in\\in\\in\\in\\in\\in\\in\\in\\in\\in\\in\\in\\in\\in\\in\\in\\in\\in\\in\\in\\in\\in\\in\\in\\in\\in\\in\\in\\in\\in\\in\\in\\in\\in\\in\\in\\in\\in\\in\\in\\in\\in\\in\\in\\in\\in\\in\\in\\in\\in\\in\\in\\in\\in\\in\\in\\in\\in\\in\\in\\in\\in\\in\\in\\in\\in\\in\\in\\in\\in\\in\\in\\in\\in\\in\\in\\in\\in\\in\\in\\in\\in\\in\\in\\in\\in\\in\\in\\in\\in\\in\\in\\in\\in\\in\\in\\in\\in\\in\\in\\in\\in\\in\\in\\in\\in\\in\\in\\in\\in\\in\\in\\in\\in\\in\\in\\in\\in\\in\\in\\in\\in\\in\\in\\in\\in\\in\\in\\in\\in\\in\\in\\in\\in\\in\\in\\in\\in\\in\\in\\in\\in\\in\\in\\in\\in\\in\\in\\in\\in\\in\\in\\in\\in\\in\\in\\in\\in\\in\\in\\in\\in\\in\\in\\in\\in\\in\\in\\in\\in\\in\\in\\in\\in\\in\\in\\in\\in\\in\\in\\in\\in\\in\\in\\in\\in\\in\\in\\in\\in\\in\\in\\in\\in\\in\\in\\in\\in\\in\\in\\in\\in\\in\\in\\in\\in\\in\\in\\in\\in\\in\\in\\in\\in\\in\\in\\in\\in\\in\\in\\in\\in\\in\\in\\in\\in\\in\\in\\in\\in\\in\\in\\in\\in\\in\\in\\in\\in\\in\\in\\in\\in\\in\\in\\in\\in\\in\\in\\in\\in\\in\\in\\in\\in\\in\\in\\in\\in\\in\\in\\in\\in\\in\\in\\in\\in\\in\\in\\in\\in\\in\\in\\in\\in\\in\\in\\in\\in\\in\\in\\in\\in\\in\\in\\in\\in\\in\\in\\in\\in",
          "correct": false,
          "format_correct": false
        },
        {
          "prompt": "\nAn AI assistant is given a math problem and solves it step by step. The assistant first thinks about the reasoning process in the mind and then concludes the answer. The reasoning process and answer are enclosed within <think> </think> and <answer> </answer> tags, respectively, i.e., \n<think>\nReasoning\n</think>\n<answer>\nAnswer\n</answer>\nProblem: If $f(x) = \\frac{3x-2}{x-2}$, what is the value of $f(-2) +f(-1)+f(0)$? Express your answer as a common fraction.\nSolution: ",
          "answer": "\\frac{14}{3}",
          "completion": "1) <think>\nTo find the value of $f(-2) + f(-1) + f(0)$, we need to evaluate the function $f(x) = \\frac{3x-2}{x-2}$ at $x =  = -2. We get $-2. We can2 can be \n<think>\n</think>\n2) 2. <thinkthink3\n2) 2think\n</think\n3 thinkthink> = 2\n</think 2\n1 22123.2 2\n</think 3</think4\n 2  </think>\n 3\n4\n3\n 33\n3\nthink33\n33\n4\n</think\n32\n 3333. 33\n</think\n3\n3\n</think\n33333333\n333333333333\n3333333333333333333333333333333333333333333333333333333333333333333333333333333333333333333333333333333333333333333333333333333333333333333333333333333333333333333333333333333333333333333333333333333333333333333333333333333333333333333333333333333333333333333333333333333333333333333333333333333333333333333333333333333333333333333333333333333333333333333333333333333333333333333333333333333333333333333333333333333333333333333333333333333333333333333333333333333333333333333333333333333333333333333333333333333333333333333333333333333333333333333333333333333333333333333333333333333333333333333333333333333333333333333333333333333333333333333333333333333333333333333333333333333333333333333333333333333333333333333333333333333333333333333333333333333333333333333333333333333333333333333333333333333333333333333333333333",
          "correct": false,
          "format_correct": false
        },
        {
          "prompt": "\nAn AI assistant is given a math problem and solves it step by step. The assistant first thinks about the reasoning process in the mind and then concludes the answer. The reasoning process and answer are enclosed within <think> </think> and <answer> </answer> tags, respectively, i.e., \n<think>\nReasoning\n</think>\n<answer>\nAnswer\n</answer>\nProblem: How many positive whole-number divisors does 196 have?\nSolution: ",
          "answer": "9",