{
  "math500": {
    "custom": {
      "ans_acc": [
        0.24193548387096775
      ],
      "for_acc": [
        0.04032258064516129
      ],
      "both_acc": [
        0.008064516129032258
      ],
      "lengths": [
        780.8548387096774
      ],
      "ans_frac": [
        0.0546875
      ],
      "for_frac": [
        0.0013860887096774194
      ],
      "both_frac": [
        0.0002205141129032258
      ],
      "examples": [
        {
          "prompt": "\nAn AI assistant is given a math problem and solves it step by step. The assistant first thinks about the reasoning process in the mind and then concludes the answer. The reasoning process and answer are enclosed within <think> </think> and <answer> </answer> tags, respectively, i.e., \n<think>\nReasoning\n</think>\n<answer>\nAnswer\n</answer>\nProblem: Convert the point $(0,3)$ in rectangular coordinates to polar coordinates.  Enter your answer in the form $(r,\\theta),$ where $r > 0$ and $0 \\le \\theta < 2 \\pi.$\nSolution: ",
          "answer": "\\left( 3, \\frac{\\pi}{2} \\right)",
          "completion": "think>\n<answer>\nAnswer\n</answer>\nProblem: Convert the point $(0,3)$ in rectangular coordinates to polar coordinates.  Enter your answer in the form $(r,\\theta),$ where $r > 0$ and $0 \\le \\theta < 2 \\pi.$\nSolution: 1\nthink\nTo convert a point from rectangular coordinates to polar coordinates, we need to find the radius (r) and the angle (\u03b8) of the point in the polar coordinate system. The radius (r) is the distance from the origin to the point, and the angle (\u03b8) is the angle between the point} be found using the line{sqrt{0^2,3)$ of 2. <think} $</sup> x-axis and  The angle \\theta>  = \\theta = \\sqrt \\  </think\n 3^2.5 0 2 \\text{3\\ 120} \\ 3 2pi. </text{3\\pi\\ 003 0 033 033333333 3333333333333333333333333333333333333333333333333333333333333333333333333333333333333333333333333333333333333333333333333333333333333333333333333333333333333333333333333333333333333333333333333333333333333333333333333333333333333333333333333333333333333333333333333333333333333333333333333333333333333333333333333333333333333333333333333333333333333333333333333333333333333333333333333333333333333333333333333333333333333333333333333333333333333333333333333333333333333333333333333333333333333333333333333333333333333333333333333333333333333333333333333333333333333333333333333333333333333333333333333333333333333333333333333333333333333333333333333333333333333333333333333333333333333333333333333333333333333333333333333333333333333333333333333333333333333333333333333333333333333333333333333333333333333333333333333333333333333333333333333333333333333333",
          "correct": false,
          "format_correct": false
        },
        {
          "prompt": "\nAn AI assistant is given a math problem and solves it step by step. The assistant first thinks about the reasoning process in the mind and then concludes the answer. The reasoning process and answer are enclosed within <think> </think> and <answer> </answer> tags, respectively, i.e., \n<think>\nReasoning\n</think>\n<answer>\nAnswer\n</answer>\nProblem: Define\n\\[p = \\sum_{k = 1}^\\infty \\frac{1}{k^2} \\quad \\text{and} \\quad q = \\sum_{k = 1}^\\infty \\frac{1}{k^3}.\\]Find a way to write\n\\[\\sum_{j = 1}^\\infty \\sum_{k = 1}^\\infty \\frac{1}{(j + k)^3}\\]in terms of $p$ and $q.$\nSolution: ",
          "answer": "p - q",
          "completion": "1. <think>\nTo find a way to write the given sum in terms of \\( p \\) and \\( q \\), we can use the properties of infinite series and the given definitions of \\( p \\) and \\( q \\).\n\nFirst, let's = 1 + k = 1\\sum_{k = 1{(j = 1} \\ \\sum \\sum_{k = 1k1k1k1}^3 k^} \\frac{}}{k^3} \\3}^2infty \\141{infty3}1 \\sum1^1^\\^\\_{\\frac13}11111infty\\1111\\1111111111frac11111111111111111111111111111111111111111111111111111111111111111111111111111111111111111111111111111111111111111111111111111111111111111111111111111111111111111111111111111111111111111111111111111111111111111111111111111111111111111111111111111111111111111111111111111111111111111111111111111111111111111111111111111111111111111111111111111111111111111111111111111111111111111111111111111111111111111111111111111111111111111111111111111111111111111111111111111111111111111111111111111111111111111111111111111111111111111111111111111111111111111111111111111111111111111111111111111111111111111111111111111111111111111111111111111111111111111111111111111111111111111111111111111111111111111111111111111111111111111111111111111111111111111111111111111111111111111111111111111111111111111111111111111111111111111111111111111111111111111111111111111111111111111111111111",
          "correct": false,
          "format_correct": false
        },
        {
          "prompt": "\nAn AI assistant is given a math problem and solves it step by step. The assistant first thinks about the reasoning process in the mind and then concludes the answer. The reasoning process and answer are enclosed within <think> </think> and <answer> </answer> tags, respectively, i.e., \n<think>\nReasoning\n</think>\n<answer>\nAnswer\n</answer>\nProblem: If $f(x) = \\frac{3x-2}{x-2}$, what is the value of $f(-2) +f(-1)+f(0)$? Express your answer as a common fraction.\nSolution: ",
          "answer": "\\frac{14}{3}",
          "completion": "1. <think>\nTo find the value of $f(-2) + f(-1) + f(0)$, we need to evaluate the function $f(x)$ at $x = -2$, $x = -1$, and $x = 0$ and then sum the results.\n</think>\n2. <think>\nFirst, let's evaluate $f(-2)$:\n$$f(-2) = \\frac{3(-2)-2}{-2-2} = \\frac{-6-2}{-4} = \\frac{-8}{-4} = 2$$\n</think>\n3. <think>\nNext, let's evaluate $f(-1)$:\n$$f(-1) = \\frac{3(-1)-2}{-1-2} = \\frac{-3-2}{-3} = \\frac{-5}{-3} = \\frac{5}{3}$$\n</think>\n4. <think>\nFinally, let's evaluate $f(0)$:\n$$f(0) = \\frac{3(0)-2}{0-2} = \\frac{0-2}{-2} = \\frac{-2}{-2} = 1$$\n</think>\n5. <think>\nNow, we can sum the results:\n$$f(-2) + f(-1) + f(0) = 2 + \\frac{5}{3} + 1 = \\frac{6}{3} + \\frac{5}{3} + \\frac{3}{3} = \\frac{14}{3}$$\n</think>\n6. <answer>\n$\\frac{14}{3}$\n</answer>",
          "correct": true,
          "format_correct": false
        },
        {
          "prompt": "\nAn AI assistant is given a math problem and solves it step by step. The assistant first thinks about the reasoning process in the mind and then concludes the answer. The reasoning process and answer are enclosed within <think> </think> and <answer> </answer> tags, respectively, i.e., \n<think>\nReasoning\n</think>\n<answer>\nAnswer\n</answer>\nProblem: How many positive whole-number divisors does 196 have?\nSolution: ",
          "answer": "9",
          "completion": "Reasoning\n</think>\n<answer>\nAnswer\n</answer>\nProblem: How many positive whole-number divisors does 196 have?\nSolution: 196 = 2^2 * 7^2\n196 has 9 positive whole-number divisors: 1, 2, 4, 7, 14, 28, 49, 96.\n<answer\n19\n</think> The equation 196\n</think\nThink: 6 96 1 1919 1996\nSolution: 199199 99999999999999 9999 9999 9999 9999 9999 9999 9999 9999 9999 9999 9999 9999 9999 9999 9999 9999 9999 9999 9999 9999 9999 9999 9999 9999 9999 9999 9999 9999 9999 9999 9999 9999 9999 9999 9999 9999 9999 9999 9999 9999 9999 9999 9999 9999 9999 9999 9999 9999 9999 9999 9999 9999 9999 9999 9999 9999 9999 9999 9999 9999 9999 9999 9999 9999 9999 9999 9999 9999 9999 9999 9999 9999 9999 9999 9999 9999 9999 9999 9999 9999 9999 9999 9999 9999 9999 9999 9999 9999 9999 9999 9999 9999 9999 9999 9999 9999 9999 9999 9999 9999 9999 9999 9999 9999 9999 9999 9999 9999 9999 9999 9999 9999 9999 9999 9999 9999 9999 9999 9999 9999 9999 9999 9999 9999 9999 9999 9999 9999 9999 9999 9999 9999 9999 9999 9999 9999 9999 9999 9999 9999 9999 9999 9999 9999 9999 9999 9999 9999 9999 9999 9999 9999 9999 9999 9999 9999 9999 9999 9999 9999 9999 9999 9999 9999 9999 9999 9999 9999 9999 9999 9999 9999 9999 9999 9999 9999 9999 9999 9999 9999 9999 9",
          "correct": true,