{
  "math500": {
    "custom": {
      "ans_acc": [
        0.04838709677419355
      ],
      "for_acc": [
        0.0
      ],
      "both_acc": [
        0.0
      ],
      "lengths": [
        900.7822580645161
      ],
      "ans_frac": [
        0.01033266129032258
      ],
      "for_frac": [
        0.0
      ],
      "both_frac": [
        0.0
      ],
      "examples": [
        {
          "prompt": "\nAn AI assistant is given a math problem and solves it step by step. The assistant first thinks about the reasoning process in the mind and then concludes the answer. The reasoning process and answer are enclosed within <think> </think> and <answer> </answer> tags, respectively, i.e., \n<think>\nReasoning\n</think>\n<answer>\nAnswer\n</answer>\nProblem: Convert the point $(0,3)$ in rectangular coordinates to polar coordinates.  Enter your answer in the form $(r,\\theta),$ where $r > 0$ and $0 \\le \\theta < 2 \\pi.$\nSolution: ",
          "answer": "\\left( 3, \\frac{\\pi}{2} \\right)",
          "completion": "\nAn AI assistant is given a math problem and solves it step by step. The assistant first thinks about the reasoning process in the mind and then concludes the answer. The reasoning process and answer are enclosed within <think> </think> and <answer> </answer> tags, respectively, i.e., \n<think>\nReasoning\n</think>\n<answer>\nAnswer\n</answer>\nProblem: Convert the point $(0,3)$ in rectangular coordinates to polar coordinates.  Enter your answer in the form $(r,\\theta),$ where $r > 0$ and $0 \\le \\theta < 2 \\pi.$\nSolution: 1)  <think>\nTo convert a point from rectangular (Cartesian) coordinates to polar coordinates, we need to find the radius $r$ and the angle $\\theta$. The radius $r$ is the distance from the origin to the point, and the angle $\\theta$ is the angle between the positive x-axis and the line connecting the origin to the point.\n\n2 = \\begin{2. The angle =  } = 0^2.2 3^22}23 02polar 3. 33332 \\pi333333 333 333 333333333333333333333333333333333333333333333333333333333333333333333333333333333333333333333333333333333333333333333333333333333333333333333333333333333333333333333333333333333333333333333333333333333333333333333333333333333333333333333333333333333333333333333333333333333333333333333333333333333333333333333333333333333333333333333333333333333333333333333333333333333333333333333333333333333333333333333333333333333333333333333333333333333333333333333333333333333333333333333333333333333333333333333333333333333333333333333333333333333333333333333333333333333333333333333333333333333333333333333333333333333333333333333333333333333333333333333333333333333333333333333333333333333333333333333333333333333333333333333333333333333333",
          "correct": false,
          "format_correct": false
        },
        {
          "prompt": "\nAn AI assistant is given a math problem and solves it step by step. The assistant first thinks about the reasoning process in the mind and then concludes the answer. The reasoning process and answer are enclosed within <think> </think> and <answer> </answer> tags, respectively, i.e., \n<think>\nReasoning\n</think>\n<answer>\nAnswer\n</answer>\nProblem: Define\n\\[p = \\sum_{k = 1}^\\infty \\frac{1}{k^2} \\quad \\text{and} \\quad q = \\sum_{k = 1}^\\infty \\frac{1}{k^3}.\\]Find a way to write\n\\[\\sum_{j = 1}^\\infty \\sum_{k = 1}^\\infty \\frac{1}{(j + k)^3}\\]in terms of $p$ and $q.$\nSolution: ",
          "answer": "p - q",
          "completion": "\nAn AI assistant is given a math problem and solves it step by step. The assistant first thinks about the reasoning process in the mind and then concludes the answer. The reasoning process and answer are enclosed within <think> </think> and <answer> </answer> tags, respectively, i.e., \n<think>\nReasoning\n</think>\n<answer>\nAnswer\n</answer>\nProblem: Define\n\\[p = \\sum_{k = 1}^\\infty \\frac{1}{k^2} \\quad \\text{and} \\quad q = \\sum_{k = 1}^\\infty \\frac{1}{k^3}.\\]Find a way to write\n\\[\\sum_{j = 1}^\\infty \\sum_{k = 1}^\\infty \\frac{1}{(j + k)^3}\\]in terms of $p$ and $q.$\nSolution: 1. <think>\nTo find a way to write the given sum in terms of $p$ and $q$, we can start by expressing the sum in a different form. We can rewrite the sum as follows:\n\\[\\sum_{j = 1}^\\infty \\sum_{k = 1}^\\infty \\frac{1}{(j + k=1}^ and then we can then\n\\[\\sum\n terms1}^1}^00{ \\ \\sum\\sum\\frac{1\\^0}^\\infty\\infty3\\}1\\frac{fty\\3}^fty\\fty\\}3}3\\33fty}^\\ftyinfty3fty}infty^\\^\\fty^\\^\\infty3infty3}fty\\3fty^\\3^\\}fty3^\\}ftyftyfty^\\3fty3^\\fty^\\}3^\\}^\\3^\\}fty^\\^\\3^\\3^\\3^\\}^\\}^\\^\\}^\\3^\\}^\\3^\\}^\\3^\\}^\\}^\\3^\\}^\\}^\\}^\\}^\\}^\\}^\\}^\\}^\\}^\\}^\\}^\\}^\\}^\\}^\\}^\\}^\\}^\\}^\\}^\\}^\\}^\\}^\\}^\\}^\\}^\\}^\\}^\\}^\\}^\\}^\\}^\\}^\\}^\\}^\\}^\\}^\\}^\\}^\\}^\\}^\\}^\\}^\\}^\\}^\\}^\\}^\\}^\\}^\\}^\\}^\\}^\\}^\\}^\\}^\\}^\\}^\\}^\\}^\\}^\\}^\\}^\\}^\\}^\\}^\\}^\\}^\\}^\\}^\\}^\\}^\\}^\\}^\\}^\\}^\\}^\\}^\\}^\\}^\\}^\\}^\\}^\\}^\\}^\\}^\\}^\\}^\\}^\\}^\\}^\\}^\\}^\\}^\\}^\\}^\\}^\\}^\\}^\\}^\\}^\\}^\\}^\\}^\\}^\\}^\\}^\\}^\\}^\\}^\\}^\\}^\\}^\\}^\\}^\\}^\\}^\\}^\\}^\\}^\\}^\\}^\\}^\\}^\\}^\\}^\\}^\\}^\\}^\\}^\\}^\\}^\\}^\\}^\\}^\\}^\\}^\\}^\\}^\\}^\\}^\\}^\\}^\\}^\\}^\\}^\\}^\\}^\\}^\\}^\\}^\\}^\\}^\\}^\\}^\\}^\\}^\\}^\\}^\\}^\\}^\\}^\\}^\\}^\\}^\\}^\\}^\\}^\\}^\\}^\\}^\\}^\\}^\\}^\\}^\\}^\\}^\\}^\\}^\\}^\\}^\\}^\\}^\\}^\\}^\\}^\\}^\\}^\\}^\\}^\\}^\\}^\\}^\\}^\\}^\\}^\\}^\\}^\\}^\\}^\\}^\\}^\\}^\\}^\\}^\\}^\\}^\\}^\\}^\\}^\\}^\\}^\\}^\\}^\\}^\\}^\\}^\\}^\\}^\\}^\\}^\\}^\\}^\\}^\\}^\\}^\\}^\\}^\\}^\\}^\\}^\\}^\\}^\\}^\\}^\\}^\\}^\\}^\\}^\\}^\\}^\\}^\\}^\\}^\\}^\\}^\\}^\\}^\\}^\\}^\\}^\\}^\\}^\\}^\\}^\\}^\\}^\\}^\\}^\\}^\\}^\\}^\\}^\\}^\\}^\\}^\\}^\\}^\\}^\\}^\\}^\\}^\\}^\\}^\\}^\\}^\\}^\\}^\\}^\\}^\\}^\\}^\\}^\\}^\\}^\\}^\\}^\\}^\\}^\\}^\\}^\\}^\\}^\\}^\\}^\\}^\\}^\\}^\\}^\\}^\\}^\\}^\\}^\\}^\\}^\\}^\\}^\\}^\\}^\\}^\\}^\\}^\\}^\\}^\\}^\\}^\\}^\\}^\\}^\\}^\\}^\\}^\\}^\\}^\\}^\\}^\\}^\\}^\\}^\\}^\\}^\\}^\\}^\\}^\\}^\\}^\\}^\\}^\\}^\\}^\\}^\\}^\\}^\\}^\\}^\\}^\\}^\\}^\\}^\\}^\\}^\\}^\\}^\\}^\\}^\\}^\\}^\\}^\\}^\\}^\\}^\\}^\\}^\\}^\\}^\\}^\\}^\\}^\\}^\\}^\\}^\\}^\\}^\\}^\\}^\\}^\\}^\\}^\\}^\\}^\\}^\\}^\\}^\\}^\\",
          "correct": false,
          "format_correct": false
        },
        {
          "prompt": "\nAn AI assistant is given a math problem and solves it step by step. The assistant first thinks about the reasoning process in the mind and then concludes the answer. The reasoning process and answer are enclosed within <think> </think> and <answer> </answer> tags, respectively, i.e., \n<think>\nReasoning\n</think>\n<answer>\nAnswer\n</answer>\nProblem: If $f(x) = \\frac{3x-2}{x-2}$, what is the value of $f(-2) +f(-1)+f(0)$? Express your answer as a common fraction.\nSolution: ",
          "answer": "\\frac{14}{3}",