{
  "math500": {
    "custom": {
      "ans_acc": [
        0.2600806451612903
      ],
      "for_acc": [
        0.0020161290322580645
      ],
      "both_acc": [
        0.0
      ],
      "lengths": [
        655.0423387096774
      ],
      "ans_frac": [
        0.015814012096774195
      ],
      "for_frac": [
        3.150201612903226e-05
      ],
      "both_frac": [
        0.0
      ],
      "examples": [
        {
          "prompt": "\nAn AI assistant is given a math problem and solves it step by step. The assistant first thinks about the reasoning process in the mind and then concludes the answer. The reasoning process and answer are enclosed within <think> </think> and <answer> </answer> tags, respectively, i.e., \n<think>\nReasoning\n</think>\n<answer>\nAnswer\n</answer>\nProblem: Convert the point $(0,3)$ in rectangular coordinates to polar coordinates.  Enter your answer in the form $(r,\\theta),$ where $r > 0$ and $0 \\le \\theta < 2 \\pi.$\nSolution: ",
          "answer": "\\left( 3, \\frac{\\pi}{2} \\right)",
          "completion": "think>\n<answer>\nAnswer\n</answer>\nProblem: Convert the point $(0,3)$ in rectangular coordinates to polar coordinates.  Enter your answer in the form $(r,\\theta),$ where $r > 0$ and $0 \\le \\theta < 2 \\pi.$\nSolution: 1. <think>\nFirst, we need to use the conversion formula to find the polar coordinates from rectangular coordinates. The formula for polar coordinates is given by $r = \\sqrt{x^2 + y^2}$, where $r$ is the sqrt(0} \\hiu y$ $$\n</arct \\right}, and \\theta\n$ < 1}\\pi  y\nr2\\n4the angle=(1 2 \\ar< a= sqrt\\ 0\n</u\n\\bin/sqrt{ t511^c} 4 \\ 8> 2\n\\2ct ary\\ta3}Y\nSo,er\\, and 3\\\\1223\nThe\n</think\n</think>9{a7gre+ 3\n< r3tthatth/na\n<= 2  3X+\nn\u00e9w\n </think\n}73r\n> 433\n{z\n1 +_0)55\\/9f\n\\ 63 2r. \n3\\b = 3\\337\n4\n/ \n3</23\n43 7i  E \\n> =3\n 0 3! s $3\n      2139 3\n<  r>\n77  25>\n \\ \\\\2 0}7} 2r<think 5  0 333 415\n37\n0\\s >\\3334 318\n 3.1\n4\\ /63 \n(335 023r 5  r3 313223\n336 3332\n 314\n\\33375\n\\0 \\33\n 33347\n#[3\n^44. 3 33 \n 1\\3\n   13\\33\n of73\n 2\\333033 3 \n 333\n 333.3137\n\\33 28\n2\n 33 333333 3  33353223\n33 5333x\n1\n 3\n  >3 333\n5\n333333\n3333333 33332 \n733 333333333 3333333\n33\n33333333333333333 333333333331\n3\n333335\n3333333 \n33333333333333\n33333333333\n 3333333333333333333333333333333333333333333333333333333333\n3333333333333333333333333333333333333333333333333333333333333333333333333333333333333333333333333333333333333333333333333333333333333333333333333333333333333333333333333333333333333333333333333333333333333333333333333333333333333333333333333333333333333333333333333333333333333333333333333333333333333333333333333333333333333333333333",
          "correct": false,
          "format_correct": false
        },
        {
          "prompt": "\nAn AI assistant is given a math problem and solves it step by step. The assistant first thinks about the reasoning process in the mind and then concludes the answer. The reasoning process and answer are enclosed within <think> </think> and <answer> </answer> tags, respectively, i.e., \n<think>\nReasoning\n</think>\n<answer>\nAnswer\n</answer>\nProblem: Define\n\\[p = \\sum_{k = 1}^\\infty \\frac{1}{k^2} \\quad \\text{and} \\quad q = \\sum_{k = 1}^\\infty \\frac{1}{k^3}.\\]Find a way to write\n\\[\\sum_{j = 1}^\\infty \\sum_{k = 1}^\\infty \\frac{1}{(j + k)^3}\\]in terms of $p$ and $q.$\nSolution: ",
          "answer": "p - q",
          "completion": "1) Define $\\displaystyle p = \\sum_{k = 1}^\\infty \\frac{1}{k^2} \\quad \\text{and} \\quad q = \\sum_{k = 1}^\\infty \\, $ and $p} = \\frac{j} k}{k} \\frac 3ds} = \\inftyinfty\\ 2. This is,which 1131113.sum\\ 1}2}  =\\k+3. $ 3}i y^{1 j \\) i} 1=12k}\\2 =2\\fIi {1}1 =2. \\- -1\\sum\\_2 32\\in\\k43. 3}33 = j}1}3334+3 }33}21}t2}{h\n3 }12123h\\3303211323_3}3}6 211sum 3 1313313 \\3}1k{223*.3\\} 1333}33103 3432313333331333333333}331133333331311333=32 4333333132i1313103333133321233332353333333333331333311331 133333333333131333333333333333333333333333333033333333333333333333333333333333333333\n333333333333333333333333333333333333333333333333333333333333333333333333333333333333333333333333333333333333333333333333333333333333333333333333333333333333333333333333333333333333333333333333333333333333333333333333333333333333333333333333333333333333333333333333333333333333333333333333333333333333333333333333333333333333333333333333333333333333333333333333333333333333333333333333333333333333333333333333333333333333333333333333333333333333333333333333333333333333333333333333333333333333333333333333333333333333333333333333333333333333333333333333333333333333333333333333333333",
          "correct": false,
          "format_correct": false
        },
        {
          "prompt": "\nAn AI assistant is given a math problem and solves it step by step. The assistant first thinks about the reasoning process in the mind and then concludes the answer. The reasoning process and answer are enclosed within <think> </think> and <answer> </answer> tags, respectively, i.e., \n<think>\nReasoning\n</think>\n<answer>\nAnswer\n</answer>\nProblem: If $f(x) = \\frac{3x-2}{x-2}$, what is the value of $f(-2) +f(-1)+f(0)$? Express your answer as a common fraction.\nSolution: ",
          "answer": "\\frac{14}{3}",
          "completion": "\n</think>\n<answer>\nAnswer\n</answer>\nProblem: If $f(x) = \\frac{3x-2}{x-2}$, what is the value of $f(-2) +f(-1)+f(0)$? Express your answer as a common fraction.\nSolution:  <think>\nSimplify the expression for f(x) by dividing the numerator and denominator by x-2.\nSubstitute -2 into the simplified expression to find f(-2), substitute -1 into the simplified expression to find f(-1), and substitute -1>, f(-12. We substitute-x)/:</think(3*-x-<x3-2 (think2>f2) =  </in2)+2. < - 2\nS=2Now find \\(f(-4x\nf(-22232 </answ22 5/3(-2 1\n </think>\n3\n(21 720=fo:\nSolve  1 2)u3print 3\n53\n51\n0.53 Answer 322335<answer\nx4r2323;57r1 232)\n, 2\n0\n220 22 \n<answer1 13125 1\n3+312. 27\nand:33\n</think 13 22</(3 22\n332 think  723 '\\\n2\n33  373\n3*3\n think21\n2132332\n think(-2 5 3322x22323think\n113\n532\n22\n</p12 422322\n2 2 2\n32\n 3\n 72- 14\n3ans\n4\n2-_333\n323\n369531+ 23132+33232333*\n323235\n333#2 33233332 33221\n332333 3232\n\n\n-232313\n22\n3321222222333373233 33333\n23332\n2323\n3333\n3333323 32313\n13233 answer\n233\n323333333333334132333313333333333333233 32\n333322323333233 33333\n33333\n3\n3333=33323333233333333423333333333333333 333333333333333333333333333333333333 3333333333333333333333\n3\n333333333\n333333333333\n</3333333333333333333333333 3\n33333333333333333333333333 333333333333333333333333333333333333333333333333333333333333333333333333333333333333333333333333333333333333333333333333333333333333333333333333333333333333333333333333333333333333333333333333333333333333333333333333333333333333333333333333333333333333333333333333333",
          "correct": false,
          "format_correct": false
        },
        {
          "prompt": "\nAn AI assistant is given a math problem and solves it step by step. The assistant first thinks about the reasoning process in the mind and then concludes the answer. The reasoning process and answer are enclosed within <think> </think> and <answer> </answer> tags, respectively, i.e., \n<think>\nReasoning\n</think>\n<answer>\nAnswer\n</answer>\nProblem: How many positive whole-number divisors does 196 have?\nSolution: ",
          "answer": "9",