{
  "math500": {
    "custom": {
      "ans_acc": [
        0.2762096774193548
      ],
      "for_acc": [
        0.016129032258064516
      ],
      "both_acc": [
        0.0
      ],
      "lengths": [
        623.5221774193549
      ],
      "ans_frac": [
        0.022807459677419355
      ],
      "for_frac": [
        0.00028351814516129034
      ],
      "both_frac": [
        0.0
      ],
      "examples": [
        {
          "prompt": "\nAn AI assistant is given a math problem and solves it step by step. The assistant first thinks about the reasoning process in the mind and then concludes the answer. The reasoning process and answer are enclosed within <think> </think> and <answer> </answer> tags, respectively, i.e., \n<think>\nReasoning\n</think>\n<answer>\nAnswer\n</answer>\nProblem: Convert the point $(0,3)$ in rectangular coordinates to polar coordinates.  Enter your answer in the form $(r,\\theta),$ where $r > 0$ and $0 \\le \\theta < 2 \\pi.$\nSolution: ",
          "answer": "\\left( 3, \\frac{\\pi}{2} \\right)",
          "completion": "think>\n<answer>\nAnswer\n</answer>\nProblem: Convert the point $(0,3)$ in rectangular coordinates to polar coordinates.  Enter your answer in the form $(r,\\theta),$ where $r > 0$ and $0 \\le \\theta < 2 \\pi.$\nSolution:  To Convert the point $(0,3)$ in rectangular coordinates to polar coordinates, we can use the following steps:\n\nStep 1: Calculate the radius r of the polar coordinates using the formula $r = \\sqrt{x^2 + y^2}$\\text\n4. In this case, $ \\theta ), which are fixedpoint:`r 0$ thecan\\sqrt{01  = 0^{\\ 5-\\\nr \\(2\n\\7th33-123x -54iangle4 answer\n</think\n\nthink1{41s>\n 3>\n1 ( 123456 .8\n\\, + 2\n\\2+0\\  1-65390\ne Problem:3 7r <think 33y33theorem\n4 r\n<answer>\nr = 3 3 \\340\n<52299\n0\n11\n15 (r y}\n\\ \n43 43 3\n34<answer> (3, 77\n\n<161237, < 3532\na\n823p5222 3334237213\n1\n1. <3,430\n435  34 333 97 0559390\n5532\n3321341\n3432143\n3 43d 7\n 17 456 <33 79222\n 3 250. z 34,1236331 \n3  2  53353 51  0<3353333 ( 324 21 373  2 -  - 1\n43243 33 343333333 3 =333 333\n3553 429? = 3\n33333\n9333\n33\n33\n33\n    3330\n  19 13 3 3333\n333\n\n 33 3333335\n633 03333433333\n</33333 6\n3 333\n333\n333\n333323 3 3 3 333333\n3\n33333 333\n3\n3333333333333333333333333333\n3\n3332303  333333333 33333 3333333333\n333333333\n33 333333\n333333333333333333333333333333332\f33 33333333333333333\n33333333333333333333333333333333333333333333333  333333333333 3\n33333333333333333333333333333333333333333333333333333333333333333333333333333333333333333333333333333333333333333333333\n333333333333333333333333333333333333333333333333333333\n33\n\n3333333333333333333333333333333333333333333333333333",
          "correct": false,
          "format_correct": false
        },
        {
          "prompt": "\nAn AI assistant is given a math problem and solves it step by step. The assistant first thinks about the reasoning process in the mind and then concludes the answer. The reasoning process and answer are enclosed within <think> </think> and <answer> </answer> tags, respectively, i.e., \n<think>\nReasoning\n</think>\n<answer>\nAnswer\n</answer>\nProblem: Define\n\\[p = \\sum_{k = 1}^\\infty \\frac{1}{k^2} \\quad \\text{and} \\quad q = \\sum_{k = 1}^\\infty \\frac{1}{k^3}.\\]Find a way to write\n\\[\\sum_{j = 1}^\\infty \\sum_{k = 1}^\\infty \\frac{1}{(j + k)^3}\\]in terms of $p$ and $q.$\nSolution: ",
          "answer": "p - q",
          "completion": "1. <think>\nLet's start by analyzing the given problem. We are asked to find a way to write the infinite series \\(\\sum_{j = 1}^\\infty \\sum_{k = 1}^\\infty \\frac{1} and \\frac{13$ as (\\frac{1}{frac{1}{11}{\\} \\infty \\sum(is}k\n```",
          "correct": false,
          "format_correct": false
        },
        {
          "prompt": "\nAn AI assistant is given a math problem and solves it step by step. The assistant first thinks about the reasoning process in the mind and then concludes the answer. The reasoning process and answer are enclosed within <think> </think> and <answer> </answer> tags, respectively, i.e., \n<think>\nReasoning\n</think>\n<answer>\nAnswer\n</answer>\nProblem: If $f(x) = \\frac{3x-2}{x-2}$, what is the value of $f(-2) +f(-1)+f(0)$? Express your answer as a common fraction.\nSolution: ",
          "answer": "\\frac{14}{3}",
          "completion": "\n</think>\n<answer>\nAnswer\n</answer>\nProblem: If $f(x) = \\frac{3x-2}{x-2}$, what is the value of $f(-2) +f(-1)+f(0)$? Express your answer as a common fraction.\nSolution: 1) <think>\nFirst, substitute $x = -2$ into the function $f(x)$ to find $f(-2)$:\n$f(-2) = \\frac{3(-2)-2}{-2-2} = \\frac{-1}-2. </think>\n\nTo find the sum(1+2+2=f(x-2$ and calculate the value of f(-22}/(2 2-(2.2-10{=}$\n</think1021answer",
          "correct": false,
          "format_correct": false
        },
        {
          "prompt": "\nAn AI assistant is given a math problem and solves it step by step. The assistant first thinks about the reasoning process in the mind and then concludes the answer. The reasoning process and answer are enclosed within <think> </think> and <answer> </answer> tags, respectively, i.e., \n<think>\nReasoning\n</think>\n<answer>\nAnswer\n</answer>\nProblem: How many positive whole-number divisors does 196 have?\nSolution: ",
          "answer": "9",
          "completion": "An AI assistant is given a math problem and solves it step by step. The assistant first thinks about the reasoning process in the mind and then concludes the answer. The reasoning process and answer are enclosed within <think> </think> and <answer> </answer> tags, respectively, i.e., \n<think>\nReasoning\n</think>\n<answer>\nAnswer\n</answer>\nProblem: How many positive whole-number divisors does 196 have?\nSolution: 196 = 2^2 * 7^2\ndivisors of 196 can be listed as\n1, 2, 4, 7, 14, 28, 49, 9 = 7\nhas 1 think\nthink>\n<answer\n 196, 38divisor\u2264.62 9 = (The total divisorsisors845> .< think\n<answer> 7\n 20996th2 answer\n</answer>7>\n\nAssistant:divisors\n634\nProblem:The\n7ing> 5794think, *.97\ndivisors727448y  to4\nk111think\nof 11<divisorisorisor, 1<4thinkdivisorisor >8\n\nAssistant\n5\n9 > 18\n4\n56437\n96>1ethinkortn7.\nAnswer1277\n107divisorisor86\nAn 1\n769\n6th\n2 1\n1 2\n  829 7\n6\n 1divisor\n>\n\nProblem: 17\nclass Solution1 9\n3rdivisors7 divisors447 know\n76s 4  <.\ndivisor\n 3 <4 11\n777\n4\n\nAssistant:ink0>8029\no\ndivisorso\n<or6think\n1think77797111 4think2\n 124323Answer\nwerAssistant\n\nAssistant:\n7 >div7 0 of\n 279 7\nAnswer7\nwerAssistant'sn\nrosake4 3 96\n197 1\n9\n47\n31\nsAn\nanswer\n\nAssistant: is\nAssistant\n1\n3\n735 13:5 4\n 4\n 3\n 7 1 69\n97\nwerAssistant\n5\nwerAssistant4\n 7\n< 1610s7177\n61isorj\n  ins0 <  4 11\nisor\n60 7\n+ 1th\n 90>1nswer961 7  2\n27divisor\n873\nwerAssistant8 Answer\n67div47\n>\n  5 7 3. 7 9  7\n4957\n\nAssistant: <4divisor sor1\n7\nHuman:91answer\n 9\n  s6\n1446ist\nAssistant\nAssistantAssistant 77=7 67\n71 963 7\n7\nwer rst017 or4 9779\n7 787\nAssistantAssistantAssistantAssistant\nAssistant7\n 77\n4\n>\n4 69\n9think9  94\nAnswer:\n426 7 7\nwerAssistant thinkingAssistantAssistantAssistant\n  in537\nthink\n417777-73\n   7\n7\n14\n 2  w> 7\n 77 37\n 4  17\n481 7 7\n 7\n4\n7\nwerander\n  7werAssistant8werAssistant  7werAssistant\n7157\n 77\n9isor",
          "correct": true,