{
  "math500": {
    "custom": {
      "ans_acc": [
        0.10080645161290322
      ],
      "for_acc": [
        0.0
      ],
      "both_acc": [
        0.0
      ],
      "lengths": [
        836.0745967741935
      ],
      "ans_frac": [
        0.023941532258064516
      ],
      "for_frac": [
        0.0
      ],
      "both_frac": [
        0.0
      ],
      "examples": [
        {
          "prompt": "\nAn AI assistant is given a math problem and solves it step by step. The assistant first thinks about the reasoning process in the mind and then concludes the answer. The reasoning process and answer are enclosed within <think> </think> and <answer> </answer> tags, respectively, i.e., \n<think>\nReasoning\n</think>\n<answer>\nAnswer\n</answer>\nProblem: Convert the point $(0,3)$ in rectangular coordinates to polar coordinates.  Enter your answer in the form $(r,\\theta),$ where $r > 0$ and $0 \\le \\theta < 2 \\pi.$\nSolution: ",
          "answer": "\\left( 3, \\frac{\\pi}{2} \\right)",
          "completion": "\nAn AI assistant is given a math problem and solves it step by step. The assistant first thinks about the reasoning process in the mind and then concludes the answer. The reasoning process and answer are enclosed within <think> </think> and <answer> </answer> tags, respectively, i.e., \n<think>\nReasoning\n</think>\n<answer>\nAnswer\n</answer>\nProblem: Convert the point $(0,3)$ in rectangular coordinates to polar coordinates.  Enter your answer in the form $(r,\\theta),$ where $r > 0$ and $0 \\le \\theta < 2 \\pi.$\nSolution:  <think>\nTo convert rectangular coordinates to polar coordinates, we need to find the radius $r$ and the angle $\\theta.$\nThe radius $r$ is the distance from the origin to the point, which can be found using the Pythagorean theorem:\n$r = \\sqrt{x^2 + y^2}$\nIn this case, $x = 0$ and $y = 3,$ so $r = \\sqrt{0^2 + 3^2} = \\boxed{2x3\\pi> 3\u00b2 + y3) = 3. coordinates, 2}frac{3, \\3232\\pi\\3\\323333323333333333333333333333333333333333333333333333333333333333333333333333333333333333333333333333333333333333333333333333333333333333333333333333333333333333333333333333333333333333333333333333333333333333333333333333333333333333333333333333333333333333333333333333333333333333333333333333333333333333333333333333333333333333333333333333333333333333333333333333333333333333333333333333333333333333333333333333333333333333333333333333333333333333333333333333333333333333333333333333333333333333333333333333333333333333333333333333333333333333333333333333333333333333333333333333333333333333333333333333333333333333333333333333333333333333333333333333333333333333333333333333333333333333333333333333333333333333333333333333",
          "correct": false,
          "format_correct": false
        },
        {
          "prompt": "\nAn AI assistant is given a math problem and solves it step by step. The assistant first thinks about the reasoning process in the mind and then concludes the answer. The reasoning process and answer are enclosed within <think> </think> and <answer> </answer> tags, respectively, i.e., \n<think>\nReasoning\n</think>\n<answer>\nAnswer\n</answer>\nProblem: Define\n\\[p = \\sum_{k = 1}^\\infty \\frac{1}{k^2} \\quad \\text{and} \\quad q = \\sum_{k = 1}^\\infty \\frac{1}{k^3}.\\]Find a way to write\n\\[\\sum_{j = 1}^\\infty \\sum_{k = 1}^\\infty \\frac{1}{(j + k)^3}\\]in terms of $p$ and $q.$\nSolution: ",
          "answer": "p - q",
          "completion": "\nAn AI assistant is given a math problem and solves it step by step. The assistant first thinks about the reasoning process in the mind and then concludes the answer. The reasoning process and answer are enclosed within <think> </think> and <answer> </answer> tags, respectively, i.e., \n<think>\nReasoning\n</think>\n<answer>\nAnswer\n</answer>\nProblem: Define\n\\[p = \\sum_{k = 1}^\\infty \\frac{1}{k^2} \\quad \\text{and} \\quad q = \\sum_{k = 1}^\\infty \\frac{1}{k^3}.\\]Find a way to write\n\\[\\sum_{j = 1}^\\infty \\sum_{k = 1}^\\infty \\frac{1}{(j + k)^3}\\]in terms of $p$ and $q.$\nSolution: 1. <think>\nTo find a way to write the given sum in terms of $p$ and $q,$ we can start by considering the double sum and how it relates to the individual sums $p$ and $q.$ We can rewrite the double sum as a sum of sums, where each sum is over a single variable, and then use the definition of $p$ and $q$ to express the double sum in terms of $p$ and $q.$\n</think>\n2 \\leq_{1}{(1}^\\infty} \\frac{1}{\\j\\2}{\\{1}{\\fty{11} \\frac1\\infty\\infty\\infty}12\\fty\\1\\infty\\fty\\1\\1\\111\\1}inftyfty\\1ftyfty\\1\\1\\11fty11\\11\\11\\11\\1\\111\\1\\11111111111\\1111111111111111111111111111111111111111111111111111111111111111111111111111111111111111111111111111111111111111111111111111111111111111111111111111111111111111111111111111111111111111111111111111111111111111111111111111111111111111111111111111111111111111111111111111111111111111111111111111111111111111111111111111111111111111111111111111111111111111111111111111111111111111111111111111111111111111111111111111111111111111111111111111111111111111111111111111111111111111111111111111111111111111111111111111111111111111111111111111111111111111111111111111111111111111111111111111111111111111111111111111111111111111111111111111111111111111111111111111111111111111111111111111111111111111111111111111111111111111111111111111111111111111111111111111111111111111111111111111111",
          "correct": false,
          "format_correct": false
        },
        {
          "prompt": "\nAn AI assistant is given a math problem and solves it step by step. The assistant first thinks about the reasoning process in the mind and then concludes the answer. The reasoning process and answer are enclosed within <think> </think> and <answer> </answer> tags, respectively, i.e., \n<think>\nReasoning\n</think>\n<answer>\nAnswer\n</answer>\nProblem: If $f(x) = \\frac{3x-2}{x-2}$, what is the value of $f(-2) +f(-1)+f(0)$? Express your answer as a common fraction.\nSolution: ",
          "answer": "\\frac{14}{3}",