{
  "math500": {
    "custom": {
      "ans_acc": [
        0.28830645161290325
      ],
      "for_acc": [
        0.014112903225806451
      ],
      "both_acc": [
        0.0
      ],
      "lengths": [
        597.3729838709677
      ],
      "ans_frac": [
        0.021673387096774195
      ],
      "for_frac": [
        0.00031502016129032257
      ],
      "both_frac": [
        0.0
      ],
      "examples": [
        {
          "prompt": "\nAn AI assistant is given a math problem and solves it step by step. The assistant first thinks about the reasoning process in the mind and then concludes the answer. The reasoning process and answer are enclosed within <think> </think> and <answer> </answer> tags, respectively, i.e., \n<think>\nReasoning\n</think>\n<answer>\nAnswer\n</answer>\nProblem: Convert the point $(0,3)$ in rectangular coordinates to polar coordinates.  Enter your answer in the form $(r,\\theta),$ where $r > 0$ and $0 \\le \\theta < 2 \\pi.$\nSolution: ",
          "answer": "\\left( 3, \\frac{\\pi}{2} \\right)",
          "completion": "think>\n<answer>\nAnswer\n</answer>\nProblem: Convert the point $(0,3)$ in rectangular coordinates to polar coordinates.  Enter your answer in the form $(r,\\theta),$ where $r > 0$ and $0 \\le \\theta < 2 \\pi.$\nSolution:  <think>\nTo convert rectangular coordinates to polar coordinates, we need to find the radius $r$ and the angle $\\theta$. The radius $r$ can be found using the formula $r = \\sqrt{x^2 + y^2}$, which has a_in which is $(0) <\\sqrt x^2 +y^2>$, so:^: \nAnswer:2 \\ \\sqrt{1,3\n    cone.5\n x  q1. the (3,/3- / 0, 1-2.  For polar coordinates, we itink) 2\n</t <answer 1 _\\c4} \\ 100\n>\n\\ \\ 0r  = math.sqrt(x * 23 aer / pof 0toler,3</answer\n\\216\n(600e, 2. 1316\\>athens\n\n = 3\n-3_answer> (th\\33\\323-rectangular component thi 5  33301 \u00a0p  s05 1= 05 2o2nt v\\  \\ 5 <42249>431983\n 13>\n2\n4<233337 0\n15 0<\\ 32  3\n4 56r  353\n1 <4 7400-3 41 7 \n  0   3.454\n 4181752\nr = 20\\\n</ think>\n<answer33  44\n< 042 1  6 3 4 35 11. 3 0 20=4 3150  <3 3 237pi= 0 3 5  0= 0 3 5 12  345\n  5  9 051 36<6.5 x \u00a0wth i\n 00  3   3 3 2 233\n 33  \\pi3\n24325\n 13398  0 2230\n 3 7 4  2  04  3 32  3 4 0 50 2\n 0 3 0 . 5.145 00 4 303 6   33 32  333  33 2  3333  33 3 33 \n0\n 033 1  1  3  0  1323 33r 3      3 0  60   3  33 33 333\n  3 15223 200 165 30  13 4 0 33\n  0 33 33 333033 03 3333333333333303  3 3  33 33  3 0 303 3 3 3  3  3  53 3210  3 0  03 0 3 4  343233  0 3 \n3 3 030333 33 30 333333333\n  3 3\n  <  3 3 3 0\u00a0  3  3333303333  062\n33 0  0  303  33 < think>\n0 3  33 3  7 7 7 4 4  33333333 333333333\n3\n  </ answer 3  333 333  33  33 03 3  2 3 33  3 3 33 333 33 33 3 33 3 30 3  33 3 33  3  33  333  333  3 3\n  33 33",
          "correct": false,
          "format_correct": false
        },
        {
          "prompt": "\nAn AI assistant is given a math problem and solves it step by step. The assistant first thinks about the reasoning process in the mind and then concludes the answer. The reasoning process and answer are enclosed within <think> </think> and <answer> </answer> tags, respectively, i.e., \n<think>\nReasoning\n</think>\n<answer>\nAnswer\n</answer>\nProblem: Define\n\\[p = \\sum_{k = 1}^\\infty \\frac{1}{k^2} \\quad \\text{and} \\quad q = \\sum_{k = 1}^\\infty \\frac{1}{k^3}.\\]Find a way to write\n\\[\\sum_{j = 1}^\\infty \\sum_{k = 1}^\\infty \\frac{1}{(j + k)^3}\\]in terms of $p$ and $q.$\nSolution: ",
          "answer": "p - q",
          "completion": "1. Let's think about the problem step by step.\n\n2. We are given two infinite series, $p$ and $q$.\n\n3. We are asked to find a way to write the series $\\sum_{j = 1}^\\infty \\in a way to writing in terms of $p$ and $q$.\n21} + variables be\\_}\n2.0. }}\n(\\$ be given.1} \\frac{1finiteinfty{ 11k3sum k^ 1\\frac{11. 3)1}\n/3\n.}^2nsum_{,jsun1}{k\\sum_{j^{k}}{Imagine\na= \\in }{1}k3\\rtird}f{1\\pmt9{1k3.3\n\n 1}\n.oo\n</think\nReasoning=113k}-1 \\sum1k2}} j = 2k33\\{q1 1}^{1] E: two 1\n 34}+ \\ 1 \\sum_{i = 20ddi^0} 1k23in 3\\1n\nThis \\e3form23fib 3o}     112\\1357}11}^}{^32}\\3e  \\3.}\n2{i13}31{\\2\\k}\\\nsk^3k3{133 1\n=21133 1}i33333331}11\\2   3313}\n11^l{131231131 113333133^21133 3333113 31\n1333331333313133313333333133 313 133 1331333313313333\n2\n3 33 1133333333313333331331 33333333333333333333 333333333333333133333333 k3333333333\n\n}33333333\n133333333333} 33333333333333333333313333333333333333333333333333333333333333333333333333333333333333333333333 \n333333333333333333333333333333 \n3333333333333333333333333333333333333333333333333333333333333333333333333333333333333333333333333333333333333333333333333333333333333333333333333333333333333333333333333333333333333333333333333333333333333333333333333333333333333333333333333333333333333333333333333333333333333333333333333333333333333333333333333333333333333333333333333333333",
          "correct": false,
          "format_correct": false
        },
        {
          "prompt": "\nAn AI assistant is given a math problem and solves it step by step. The assistant first thinks about the reasoning process in the mind and then concludes the answer. The reasoning process and answer are enclosed within <think> </think> and <answer> </answer> tags, respectively, i.e., \n<think>\nReasoning\n</think>\n<answer>\nAnswer\n</answer>\nProblem: If $f(x) = \\frac{3x-2}{x-2}$, what is the value of $f(-2) +f(-1)+f(0)$? Express your answer as a common fraction.\nSolution: ",
          "answer": "\\frac{14}{3}",
          "completion": "\n</think>\n<answer>\nAnswer\n</answer>\nProblem: If $f(x) = \\frac{3x-2}{x-2}$, what is the value of $f(-2) +f(-1)+f(0)$? Express your answer as a common fraction.\nSolution: 2/3\nThink: Plugging in gives $f(x)=\\frac{3x-2}{x-2}$\nf(-2) + f(-1) + f(0) = (-3+2)/(-2-2) will never</think}> f(x- f(-1) = \\frac{3(-1)}{1\n Think: The value of f(-1) f(-2$f(x222. <think=)</>\nWe4 = f(2. think>2-323\nf-2)+2s-22\n/2</2</ think2: /think</think, </think\n36\nthink\n2\nthink  21+ /22\nx2 - think. \n2)\n< }{-}212\n-<5\nf(0\n2021\n3x-think13\n41\n22\n\n<answer>\n\n\nAnd the relationship between 3 222222331  = 23\n23  6> 3\n2\n3a33\nAnswer\n 2 x 131 1 35 2\n1 4 f052\n 2\n2\n22212.23-73321232\n22\n2\n23\n1 32 2\nAnswer5\nanswer\n3\n</think\n1 731\n21\n<</3\n52=1183 13\nTo find the value of think\n=\nJ\n5 1424\n333,3= 2 24\nw\n  4. 33 2 32125 3  13  535\n 4think2\n</52\n33335\n</think\n13\n 27answer\n22231 2",
          "correct": false,
          "format_correct": false
        },
        {
          "prompt": "\nAn AI assistant is given a math problem and solves it step by step. The assistant first thinks about the reasoning process in the mind and then concludes the answer. The reasoning process and answer are enclosed within <think> </think> and <answer> </answer> tags, respectively, i.e., \n<think>\nReasoning\n</think>\n<answer>\nAnswer\n</answer>\nProblem: How many positive whole-number divisors does 196 have?\nSolution: ",
          "answer": "9",