{
  "math500": {
    "custom": {
      "ans_acc": [
        0.1350806451612903
      ],
      "for_acc": [
        0.0020161290322580645
      ],
      "both_acc": [
        0.0
      ],
      "lengths": [
        801.6532258064516
      ],
      "ans_frac": [
        0.031754032258064516
      ],
      "for_frac": [
        0.00012600806451612903
      ],
      "both_frac": [
        0.0
      ],
      "examples": [
        {
          "prompt": "\nAn AI assistant is given a math problem and solves it step by step. The assistant first thinks about the reasoning process in the mind and then concludes the answer. The reasoning process and answer are enclosed within <think> </think> and <answer> </answer> tags, respectively, i.e., \n<think>\nReasoning\n</think>\n<answer>\nAnswer\n</answer>\nProblem: Convert the point $(0,3)$ in rectangular coordinates to polar coordinates.  Enter your answer in the form $(r,\\theta),$ where $r > 0$ and $0 \\le \\theta < 2 \\pi.$\nSolution: ",
          "answer": "\\left( 3, \\frac{\\pi}{2} \\right)",
          "completion": "\nAn AI assistant is given a math problem and solves it step by step. The assistant first thinks about the reasoning process in the mind and then concludes the answer. The reasoning process and answer are enclosed within <think> </think> and <answer> </answer> tags, respectively, i.e., \n<think>\nReasoning\n</think>\n<answer>\nAnswer\n</answer>\nProblem: Convert the point $(0,3)$ in rectangular coordinates to polar coordinates.  Enter your answer in the form $(r,\\theta),$ where $r > 0$ and $0 \\le \\theta < 2 \\pi.$\nSolution:  <think>\nThe point $(0,3)$ is on the y-axis, so the radius $r$ is equal to the y-coordinate, which is 3.  The angle $\\theta$ is the angle formed by the line segment connecting the origin to the point and the positive x-axis.  Since the point is on the y-axis, the angle is $\\frac{\\pi}{2}$.\n</think>\n<answer>\n(3, $\\frac{\\pi}{2}$)\n</answer>\nProblem: 1000000000000000000000.$\n</coordinates>3n = ar arctan(3+32an}$\n$\\theta>3\n3\n4> arct333\nar333think.33533333333333333333333333333333333333333333333333333333333333333333333333333333333333333333333333333333333333333333333333333333333333333333333333333333333333333333333333333333333333333333333333333333333333333333333333333333333333333333333333333333333333333333333333333333333333333333333333333333333333333333333333333333333333333333333333333333333333333333333333333333333333333333333333333333333333333333333333333333333333333333333333333333333333333333333333333333333333333333333333333333333333333333333333333333333333333333333333333333333333333333333333333333333333333333333333333333333333333333333333333333333333333333333333333333333333333333333333333333333333333333333333333333333333333333333333",
          "correct": true,
          "format_correct": false
        },
        {
          "prompt": "\nAn AI assistant is given a math problem and solves it step by step. The assistant first thinks about the reasoning process in the mind and then concludes the answer. The reasoning process and answer are enclosed within <think> </think> and <answer> </answer> tags, respectively, i.e., \n<think>\nReasoning\n</think>\n<answer>\nAnswer\n</answer>\nProblem: Define\n\\[p = \\sum_{k = 1}^\\infty \\frac{1}{k^2} \\quad \\text{and} \\quad q = \\sum_{k = 1}^\\infty \\frac{1}{k^3}.\\]Find a way to write\n\\[\\sum_{j = 1}^\\infty \\sum_{k = 1}^\\infty \\frac{1}{(j + k)^3}\\]in terms of $p$ and $q.$\nSolution: ",
          "answer": "p - q",
          "completion": "\nAn AI assistant is given a math problem and solves it step by step. The assistant first thinks about the reasoning process in the mind and then concludes the answer. The reasoning process and answer are enclosed within <think> </think> and <answer> </answer> tags, respectively, i.e., \n<think>\nReasoning\n</think>\n<answer>\nAnswer\n</answer>\nProblem: Define\n\\[p = \\sum_{k = 1}^\\infty \\frac{1}{k^2} \\quad \\text{and} \\quad q = \\sum_{k = 1}^\\infty \\frac{1}{k^3}.\\]Find a way to write\n\\[\\sum_{j = 1}^\\infty \\sum_{k = 1}^\\infty \\frac{1}{(j + k)^3}\\]in terms of $p$ and $q.$\nSolution: 1. <think>\nTo find a way to write the given series in terms of $p$ and $q$, we can start by expressing the given series in a different form. We can use the fact that $p$ and $q$ are known values, and we can use the properties of infinite series to manipulate the given series.\n\n2. <think>\nWe can start by expressing the given series in a different form. We can use the fact that $p$ and $q$ are known values, and we can use the properties of infinite series to manipulate the given series.\n\n3. <think>\nWe can'th\\infty}1'th= \\sum, \\infty} \\frac{1}{\\in^\\^\\in\\+hand, \\frac{1111 + 3}1{1}1fty\\}fty{1infty}}\\inftyftyftyinftyftyftyftyftyftyftyftyftyftyftyftyftyftyftyftyftyftyftyftyftyftyftyftyftyftyftyftyftyftyftyftyftyftyftyftyftyftyftyftyftyftyftyftyftyftyftyftyftyftyftyftyftyftyftyftyftyftyftyftyftyftyftyftyftyftyftyftyftyftyftyftyftyftyftyftyftyftyftyftyftyftyftyftyftyftyftyftyftyftyftyftyftyftyftyftyftyftyftyftyftyftyftyftyftyftyftyftyftyftyftyftyftyftyftyftyftyftyftyftyftyftyftyftyftyftyftyftyftyftyftyftyftyftyftyftyftyftyftyftyftyftyftyftyftyftyftyftyftyftyftyftyftyftyftyftyftyftyftyftyftyftyftyftyftyftyftyftyftyftyftyftyftyftyftyftyftyftyftyftyftyftyftyftyftyftyftyftyftyftyftyftyftyftyftyftyftyftyftyftyftyftyftyftyftyftyftyftyftyftyftyftyftyftyftyftyftyftyftyftyftyftyftyftyftyftyftyftyftyftyftyftyftyftyftyftyftyftyftyftyftyftyftyftyftyftyftyftyftyftyftyftyftyftyftyftyftyftyftyftyftyftyftyftyftyftyftyftyftyftyftyftyftyftyftyftyftyftyftyftyftyftyftyftyftyftyftyftyftyftyftyftyftyftyftyftyftyftyftyftyftyftyftyftyftyftyftyftyftyftyftyftyftyftyftyftyftyftyftyftyftyftyftyftyftyftyftyftyftyftyftyftyftyftyftyftyftyftyftyftyftyftyftyftyftyftyftyftyftyftyftyftyftyftyftyftyftyftyftyftyftyftyftyftyftyftyftyftyftyftyftyftyftyftyftyftyftyftyftyftyftyftyftyftyftyftyftyftyftyftyftyftyftyftyftyftyftyftyftyftyftyftyftyftyftyftyftyftyftyftyftyftyftyftyftyftyftyftyftyftyftyftyftyftyftyftyftyftyftyftyftyftyftyftyftyftyftyftyftyftyftyftyftyftyftyftyftyftyftyftyftyftyftyftyftyftyftyftyftyftyftyftyftyftyftyftyftyftyftyftyftyftyftyftyftyftyftyftyftyftyftyftyftyftyftyftyftyftyftyftyftyftyftyftyftyftyftyftyftyftyftyftyftyftyftyftyftyftyftyftyftyftyftyftyftyftyftyftyftyftyftyftyftyftyftyftyftyftyftyftyftyftyftyftyftyftyftyftyftyftyftyftyftyftyftyftyftyftyftyftyftyftyftyftyftyftyftyftyftyftyftyftyftyftyftyftyftyftyftyftyftyftyftyftyftyftyftyftyftyftyftyftyftyftyftyftyftyftyftyftyftyftyftyftyftyftyftyftyftyftyftyftyftyftyftyftyftyftyftyftyftyftyftyftyftyftyftyftyftyftyftyftyftyftyftyftyftyftyftyftyftyftyftyftyftyftyftyftyftyftyftyftyftyftyftyftyftyftyftyftyftyftyftyftyftyftyftyftyftyftyftyftyftyftyftyftyftyftyftyftyftyftyftyftyftyftyftyftyftyftyftyftyftyftyftyftyftyftyftyftyftyftyftyftyftyftyftyftyftyftyftyftyftyftyftyftyftyftyftyftyftyftyftyftyftyftyftyftyftyftyftyftyftyftyftyftyftyftyftyftyftyftyftyftyftyftyftyftyftyftyftyftyftyftyftyftyftyftyftyftyftyftyftyftyftyftyftyftyftyftyftyftyftyftyftyftyftyftyftyftyftyftyftyftyftyftyftyftyftyftyftyftyftyftyftyftyftyftyftyftyftyftyftyftyftyftyftyftyftyftyftyftyfty",
          "correct": false,
          "format_correct": false
        },
        {
          "prompt": "\nAn AI assistant is given a math problem and solves it step by step. The assistant first thinks about the reasoning process in the mind and then concludes the answer. The reasoning process and answer are enclosed within <think> </think> and <answer> </answer> tags, respectively, i.e., \n<think>\nReasoning\n</think>\n<answer>\nAnswer\n</answer>\nProblem: If $f(x) = \\frac{3x-2}{x-2}$, what is the value of $f(-2) +f(-1)+f(0)$? Express your answer as a common fraction.\nSolution: ",
          "answer": "\\frac{14}{3}",