{
  "math500": {
    "custom": {
      "ans_acc": [
        0.2701612903225806
      ],
      "for_acc": [
        0.008064516129032258
      ],
      "both_acc": [
        0.0020161290322580645
      ],
      "lengths": [
        669.3467741935484
      ],
      "ans_frac": [
        0.015688004032258066
      ],
      "for_frac": [
        0.00012600806451612903
      ],
      "both_frac": [
        3.150201612903226e-05
      ],
      "examples": [
        {
          "prompt": "\nAn AI assistant is given a math problem and solves it step by step. The assistant first thinks about the reasoning process in the mind and then concludes the answer. The reasoning process and answer are enclosed within <think> </think> and <answer> </answer> tags, respectively, i.e., \n<think>\nReasoning\n</think>\n<answer>\nAnswer\n</answer>\nProblem: Convert the point $(0,3)$ in rectangular coordinates to polar coordinates.  Enter your answer in the form $(r,\\theta),$ where $r > 0$ and $0 \\le \\theta < 2 \\pi.$\nSolution: ",
          "answer": "\\left( 3, \\frac{\\pi}{2} \\right)",
          "completion": "think>\n<answer>\nAnswer\n</answer>\nProblem: Convert the point $(0,3)$ in rectangular coordinates to polar coordinates.  Enter your answer in the form $(r,\\theta),$ where $r > 0$ and $0 \\le \\theta < 2 \\pi.$\nSolution:  <think>\nTo convert a point in rectangular coordinates to polar coordinates, we need to find the radius $r$ and the angle $\\theta$. The radius is the distance from the origin to the point, and the angle is the angle between the positive xorn $(16 } angle between $y $(0by^23$.\n5.\nTo convert\n\n0 \\sqrt{290&= \\ 32\\theta = 2\\arctan\\text{s\\left(\\frac{)\n</p  1\n  \nLet's 2. 4m{y 01n78 h`6}2\\text{ rnot3. \\0\n 6\n4} = 4 5(2rectan 4TO \\0 6-4.\n \\2222 Pythagorean 9  -\\0 3\\5\n<think\nAnswer:\n50243\n03\\52-939 2re\n3 22340, 21ssin1\n\n3 31\n\\__{<answer\na\\332. 3.34\n\\4(01\n3102 \\11.1$\n<answer\n3x133 5O,191454f23i\n 1320\n 33 2\nAnswer:< 7 3\\5 3 $301\n291\n255 1n5273\nTo converttheta\n237\\5\n </\n\\ 11.04333.6$332 . 101.\n=3033 49\n\\5308240 2 07\n 4 2590323 03 028= 252 432 263\nr3} 3\n(3 3 35 333  693525404233\n1 2290 \\333 003012\n33\n 33832\n``\n\n\nThe23\\131\n3243335\n33 3 32123132324  32313 340$273 323513330 =9 333\n27331233\n331335323 1\n 1 323330238  30333 033\n 33333333323033323\n3 333\n5\n3\n 3\n23054\n333330\n330 03323333533 3330\n33333333\n3333222 3233 33333 33333213\n333 3333\n33332333333  23123\n3\n 33 233\n3 3 333 33\n 33433333 3 333333233333 333\n333333 333333 333333 33233\n3 33333333\n23333 333333333332333333333333333 3333333333333333333333333333333333333333333333333333333333333333333333\n33333333333333333333333333333333333333333333333333333333 33333333333333333333333333333333\n3333333333333333333 333",
          "correct": false,
          "format_correct": false
        },
        {
          "prompt": "\nAn AI assistant is given a math problem and solves it step by step. The assistant first thinks about the reasoning process in the mind and then concludes the answer. The reasoning process and answer are enclosed within <think> </think> and <answer> </answer> tags, respectively, i.e., \n<think>\nReasoning\n</think>\n<answer>\nAnswer\n</answer>\nProblem: Define\n\\[p = \\sum_{k = 1}^\\infty \\frac{1}{k^2} \\quad \\text{and} \\quad q = \\sum_{k = 1}^\\infty \\frac{1}{k^3}.\\]Find a way to write\n\\[\\sum_{j = 1}^\\infty \\sum_{k = 1}^\\infty \\frac{1}{(j + k)^3}\\]in terms of $p$ and $q.$\nSolution: ",
          "answer": "p - q",
          "completion": "1. 1. First, we can use the given information to obtain the following summations.\n\\[p = \\sum_{k = 1}^\\infty \\frac{1}{k^2} = \\frac{\\pi^2}{^2} = \\textstyle{text{infty{math{ from{1\\ \\frac{h}$$\\7=}</think}2}^\\inftyfrac{1/ \\;{\\{ \\sum1<:\n(1}l)] +$. \\frac-}}\\2}$$ 21.2.3, k }f(a0 1}3\\3867e,1k.02}k}{s _z + k3$.\n\\frac1:} = 1}7 1}k4 10123k 3}3})10 r00j =13{k^{+1 $ 1} 14124r{ 3\\30}1 31^0033 1 \\313343 11nto3493733113312334333} \n\\end{e 3 11346e223133k01 233131131352}3R323{933}}{2}\n2\n3} 131}3333{T)(1333133123133353\\2 347333n:33.3 1111333431312133333233323\n13323241 312336 333113333232333123333313\n333333113 3331313333 30313333333313333333233133333333333133 3133333 3333333r3333333333333333333333333 13333333333333333333333333333333333333333333333333333333333333333333333333333333333333333333333333333333333333333333333333333333333333333333333333333333333333333333333333333333333333333333333333333333333333333333333333333333333333333333333333333333333333333333333333333333333333333333333333333333333333333333333333333333333333333333333333333333333333333333 3333333333333333333333333333333333333333333333333333333333333333333333333333333333333333333333333333333333333333333333333333333333333333333333333",
          "correct": false,
          "format_correct": false
        },
        {
          "prompt": "\nAn AI assistant is given a math problem and solves it step by step. The assistant first thinks about the reasoning process in the mind and then concludes the answer. The reasoning process and answer are enclosed within <think> </think> and <answer> </answer> tags, respectively, i.e., \n<think>\nReasoning\n</think>\n<answer>\nAnswer\n</answer>\nProblem: If $f(x) = \\frac{3x-2}{x-2}$, what is the value of $f(-2) +f(-1)+f(0)$? Express your answer as a common fraction.\nSolution: ",
          "answer": "\\frac{14}{3}",
          "completion": "\n</think>\n<answer>\nAnswer\n</answer>\nProblem: If $f(x) = \\frac{3x-2}{x-2}$, what is the value of $f(-2) +f(-1)+f(0)$? Express your answer as a common fraction.\nSolution: 1. <think>\nTo find the value of $f(-2) + f(-1) + f(0)$, we need to evaluate the function $f(x)$ at $x = -2$, $x = -1$, and $think.to-f(-2, f(-2) 32> is y #f(-248 21 think\n<2-2(-2) 2} -93 299  IaSimplify the5;20 23+2\n(3 >2\n-2x = 3-12\nL 5t)2-pl3(5 23 71300.52-2232\n</think\n</think32 22) -12 2\n<think\n24122,2172\n31\n2 1  32 133132 -452242+2 12\n37i2think22+2 272\n31 6d2223 2\n 22\n2322322242 0\n 2223\n5\n<answer322/3172\n221\n+2222332\nanswer \n422:\n2233 22 12\n3222\n=2\n</2\n13232224\n232222\n</232 3.322332-+33222\n1 2552222",
          "correct": false,
          "format_correct": false
        },
        {
          "prompt": "\nAn AI assistant is given a math problem and solves it step by step. The assistant first thinks about the reasoning process in the mind and then concludes the answer. The reasoning process and answer are enclosed within <think> </think> and <answer> </answer> tags, respectively, i.e., \n<think>\nReasoning\n</think>\n<answer>\nAnswer\n</answer>\nProblem: How many positive whole-number divisors does 196 have?\nSolution: ",
          "answer": "9",
          "completion": "An AI assistant is given a math problem and solves it step by step. The assistant first thinks about the reasoning process in the mind and then concludes the answer. The reasoning process and answer are enclosed within <think> </think> and <answer> </answer> tags, respectively, i.e., \n<think>\nReasoning\n</think>\n<answer>\nAnswer\n</answer>\nProblem: How many positive whole-number divisors does 196 have?\nSolution: 196 = 2 ^ 2 * 7 ^ 2\nDivisors are of the form 2 ^ m * 7 ^ n where m = 0, 1, 2 and n = 0, 1, 6thocachein integers that is even numbers,\n< 1^div> 99, and  <answer>\n1919= 2 think\n9601\n</divisors1998\nDivisorsof 4\n</answer>489>1.50\n91\n1>divisors\n22 30answer<answer  odivisorst9 2.\n 369\n,6thinking in968> < 2</ answer 1 think5 1\nothanswerright\n</think\n444thinkdivisors\n992 0,<th\n><96 78>sanswer<think971\n d < make <think>105think6\n\nAssistant=7is556= 4  1 think\nuncate 9",
          "correct": true,