{
  "math500": {
    "custom": {
      "ans_acc": [
        0.20362903225806453
      ],
      "for_acc": [
        0.03024193548387097
      ],
      "both_acc": [
        0.012096774193548387
      ],
      "lengths": [
        788.8709677419355
      ],
      "ans_frac": [
        0.020980342741935484
      ],
      "for_frac": [
        0.0013860887096774194
      ],
      "both_frac": [
        0.00040952620967741937
      ],
      "examples": [
        {
          "prompt": "\nAn AI assistant is given a math problem and solves it step by step. The assistant first thinks about the reasoning process in the mind and then concludes the answer. The reasoning process and answer are enclosed within <think> </think> and <answer> </answer> tags, respectively, i.e., \n<think>\nReasoning\n</think>\n<answer>\nAnswer\n</answer>\nProblem: Convert the point $(0,3)$ in rectangular coordinates to polar coordinates.  Enter your answer in the form $(r,\\theta),$ where $r > 0$ and $0 \\le \\theta < 2 \\pi.$\nSolution: ",
          "answer": "\\left( 3, \\frac{\\pi}{2} \\right)",
          "completion": "think>\n<answer>\nAnswer\n</answer>\nProblem: Convert the point $(0,3)$ in rectangular coordinates to polar coordinates.  Enter your answer in the form $(r,\\theta),$ where $r > 0$ and $0 \\le \\theta < 2 \\pi.$\nSolution:  <think>\nTo convert the point $(0,3)$ in rectangular coordinates to polar coordinates, we need to find the values of $r$ and $\\theta$.\nThe formula for converting rectangular coordinates $(x,y)$ to polar coordinates $(r,\\theta)$ is:\n$r = \\sqrt{x^2 + y^2}$\n$\\theta = \\tan^{-1}\\left(\\frac{y}{x}\\right)$\nIn this case, $x = 0$ and $y = 9$ angle =  y-coordinate\n</think\n```python\n</sup> 3\\sqrtx0  \\sqrt> = 3\nThe answerthink\n2 = 2323\\pi 3\n 2 333333333333333333333333333333333333333333333333333333333333333333333333333333333333333333333333333333333333333333333333333333333333333333333333333333333333333333333333333333333333333333333333333333333333333333333333333333333333333333333333333333333333333333333333333333333333333333333333333333333333333333333333333333333333333333333333333333333333333333333333333333333333333333333333333333333333333333333333333333333333333333333333333333333333333333333333333333333333333333333333333333333333333333333333333333333333333333333333333333333333333333333333333333333333333333333333333333333333333333333333333333333333333333333333333333333333333333333333333333333333333333333333333333333333333333333333333333333333333333333333333333333333333333333333333333333333333333333333333333333333333333333333333333333333333333333333333333333333333333333333333333333333333333333333333333333",
          "correct": false,
          "format_correct": false
        },
        {
          "prompt": "\nAn AI assistant is given a math problem and solves it step by step. The assistant first thinks about the reasoning process in the mind and then concludes the answer. The reasoning process and answer are enclosed within <think> </think> and <answer> </answer> tags, respectively, i.e., \n<think>\nReasoning\n</think>\n<answer>\nAnswer\n</answer>\nProblem: Define\n\\[p = \\sum_{k = 1}^\\infty \\frac{1}{k^2} \\quad \\text{and} \\quad q = \\sum_{k = 1}^\\infty \\frac{1}{k^3}.\\]Find a way to write\n\\[\\sum_{j = 1}^\\infty \\sum_{k = 1}^\\infty \\frac{1}{(j + k)^3}\\]in terms of $p$ and $q.$\nSolution: ",
          "answer": "p - q",
          "completion": "1. <think>\nTo find a way to write the given sum in terms of $p$ and $q$, we can use the concept of double summation and the properties of infinite series. We can start by expressing the given sum as a double summation:\n\n\\[\\sum_{j = 1}^\\infty \\sum_{k = 1}^\\infty \\frac{1}{(j + k)^3} = \\sum_{j = 1}^\\infty \\(\\frac{1\\infty \\text{1}{infrac{1{fty{(j1} \\suminftyin1\\}^\\infty1infty\\1}k = 3}1\\inftyin111infty1111111111111111111111111111111111111111111111111111111111111111111111111111111111111111111111111111111111111111111111111111111111111111111111111111111111111111111111111111111111111111111111111111111111111111111111111111111111111111111111111111111111111111111111111111111111111111111111111111111111111111111111111111111111111111111111111111111111111111111111111111111111111111111111111111111111111111111111111111111111111111111111111111111111111111111111111111111111111111111111111111111111111111111111111111111111111111111111111111111111111111111111111111111111111111111111111111111111111111111111111111111111111111111111111111111111111111111111111111111111111111111111111111111111111111111111111111111111111111111111111111111111111111111111111111111111111111111111111111111111111111111111111111111111111111111111111111111111111111111111111111111111111111111111111111",
          "correct": false,
          "format_correct": false
        },
        {
          "prompt": "\nAn AI assistant is given a math problem and solves it step by step. The assistant first thinks about the reasoning process in the mind and then concludes the answer. The reasoning process and answer are enclosed within <think> </think> and <answer> </answer> tags, respectively, i.e., \n<think>\nReasoning\n</think>\n<answer>\nAnswer\n</answer>\nProblem: If $f(x) = \\frac{3x-2}{x-2}$, what is the value of $f(-2) +f(-1)+f(0)$? Express your answer as a common fraction.\nSolution: ",
          "answer": "\\frac{14}{3}",
          "completion": "1. <think>\nTo find the value of $f(-2) + f(-1) + f(0)$, we need to evaluate the function $f(x)$ at $x = -2$, $x = -1$, and $x = 0$.\n</think>\n2. <think>\nFirst, let's evaluate $f(-2)$:\n$$f(-2) = \\frac{3(-2)-2}{-2-2} = \\frac{-6} = 2)}}$\n2}{-2}$\nf/2 = 2-2-2}2.think>\n<21222322</think>\n</\n>\n2.2\n</think</think>\n22think22222think>\n2</2</>\n22think\n222\n22222\n</think</think22222222222222222222222222222222222222222222222222222222222222222222222222222222222222222222222222222222222222222222222222222222222222222222222222222222222222222222222222222222222222222222222222222222222222222222222222222222222222222222222222222222222222222222222222222222222222222222222222222222222222222222222222222222222222222222222222222222222222222222222222222222222222222222222222222222222222222222222222222222222222222222222222222222222222222222222222222222222222222222222222222222222222222222222222222222222222222222222222222222222222222222222222222222222222222222222222222222222222222222222222222222222222222222222222222222222222222222222222222222222222222222222222222222222222222222222222222222222222222222222222222222222222222222222222222222222222222222222222222222222222222222222222222222222222222222222222222222222222222222222",
          "correct": false,
          "format_correct": false
        },
        {
          "prompt": "\nAn AI assistant is given a math problem and solves it step by step. The assistant first thinks about the reasoning process in the mind and then concludes the answer. The reasoning process and answer are enclosed within <think> </think> and <answer> </answer> tags, respectively, i.e., \n<think>\nReasoning\n</think>\n<answer>\nAnswer\n</answer>\nProblem: How many positive whole-number divisors does 196 have?\nSolution: ",
          "answer": "9",
          "completion": "Reasoning\n</think>\n<answer>\nAnswer\n</answer>\nProblem: How many positive whole-number divisors does 196 have?\nSolution: 196 = 2 2 * 7 2\nThe number of positive whole-number divisors of 196 is 9.\nthink\n196 = 2 2 * 7 2\nThe number of positive whole-number divisors of 196 is 9.\nanswer\n9",
          "correct": true,